{"cameraMode":{"drawMode":0,"name":"Shaded","section":"Shading Mode"},"sceneLighting":true,"audioPlay":false,"sceneViewState":{"m_AlwaysRefresh":false,"showFog":true,"showSkybox":true,"showFlares":true,"showImageEffects":true,"showParticleSystems":true,"showVisualEffectGraphs":true,"m_FxEnabled":true},"in2DMode":false,"pivot":{"x":0.7728757262229919,"y":-0.6888939142227173,"z":3.8650312423706056},"rotation":{"x":-0.11848035454750061,"y":-0.029193170368671418,"z":0.0034775184467434885,"w":-0.9925361275672913},"size":7.635814189910889,"orthographic":false}